<?xml version='1.0' encoding='UTF-8'?>
<premis xmlns="info:lc/xmlns/premis-v2" xmlns:xsi="http://www.w3.org/2001/XMLSchema-instance" version="2.0" xsi:schemaLocation="info:lc/xmlns/premis-v2 ../../schemas/premis-v2-2.xsd">
  <object xmlID="ID1ff7dbd8-9542-400c-9e65-a7bfa1b3f55f" xsi:type="representation">
    <objectIdentifier>
      <objectIdentifierType>repository</objectIdentifierType>
      <objectIdentifierValue>ID1ff7dbd8-9542-400c-9e65-a7bfa1b3f55f</objectIdentifierValue>
    </objectIdentifier>
  </object>
  <object xmlID="IDf95535b3-c041-4402-8d2e-130ef94bbfb5" xsi:type="file">
    <objectIdentifier>
      <objectIdentifierType>filepath</objectIdentifierType>
      <objectIdentifierValue>file://./data/northwind.siard</objectIdentifierValue>
    </objectIdentifier>
    <objectCharacteristics>
      <compositionLevel>0</compositionLevel>
      <fixity>
        <messageDigestAlgorithm>SHA-256</messageDigestAlgorithm>
        <messageDigest>5b560395bb3119e0daf57a5198ae8e57cd90c1373df1f4cfb84958933799d018</messageDigest>
        <messageDigestOriginator>hashlib</messageDigestOriginator>
      </fixity>
      <size>1134912</size>
      <format>
        <formatRegistry>
          <formatRegistryName>PRONOM</formatRegistryName>
          <formatRegistryKey>x-fmt/263</formatRegistryKey>
          <formatRegistryRole>identification</formatRegistryRole>
        </formatRegistry>
      </format>
    </objectCharacteristics>
  </object>
  <agent>
    <agentIdentifier>
      <agentIdentifierType>LOCAL</agentIdentifierType>
      <agentIdentifierValue>E-ARK Web 0.9.4</agentIdentifierValue>
    </agentIdentifier>
    <agentName>E-ARK Web</agentName>
    <agentType>Software</agentType>
  </agent>
</premis>
